App;Open;date
twitter;openedApp;2023-01-15T21:53:31Z
twitter;dismissedAppOpening;2023-01-15T22:04:02Z
twitter;dismissedAppOpening;2023-01-16T07:05:57Z
twitter;openedApp;2023-01-16T09:05:46Z
twitter;dismissedAppOpening;2023-01-16T15:06:32Z
twitter;dismissedAppOpening;2023-01-16T17:39:57Z
twitter;openedApp;2023-01-16T21:46:58Z
twitter;dismissedAppOpening;2023-01-16T21:52:20Z
twitter;openedApp;2023-01-16T21:52:34Z
twitter;dismissedAppOpening;2023-01-16T22:00:12Z
twitter;openedApp;2023-01-17T07:01:37Z
twitter;dismissedAppOpening;2023-01-17T07:05:49Z
twitter;openedApp;2023-01-17T07:06:10Z
twitter;openedApp;2023-01-17T09:02:32Z
twitter;dismissedAppOpening;2023-01-17T09:25:28Z
twitter;dismissedAppOpening;2023-01-18T06:32:33Z
twitter;dismissedAppOpening;2023-01-18T09:08:00Z
twitter;dismissedAppOpening;2023-01-18T19:49:25Z
twitter;dismissedAppOpening;2023-01-19T06:48:45Z
twitter;openedApp;2023-01-19T13:04:40Z
twitter;dismissedAppOpening;2023-01-19T13:17:33Z
twitter;openedApp;2023-01-20T09:22:25Z
twitter;dismissedAppOpening;2023-01-20T12:43:28Z
twitter;dismissedAppOpening;2023-01-20T18:47:30Z
twitter;openedApp;2023-01-21T08:01:54Z
twitter;dismissedAppOpening;2023-01-21T08:03:42Z
twitter;openedApp;2023-01-21T08:03:55Z
twitter;openedApp;2023-01-21T08:06:29Z
twitter;openedApp;2023-01-21T08:10:03Z
twitter;dismissedAppOpening;2023-01-21T10:01:39Z
twitter;openedApp;2023-01-21T15:25:08Z
twitter;dismissedAppOpening;2023-01-21T15:28:29Z
twitter;openedApp;2023-01-21T15:28:45Z
twitter;openedApp;2023-01-21T15:31:29Z
twitter;openedApp;2023-01-22T07:46:24Z
twitter;dismissedAppOpening;2023-01-23T14:15:34Z
twitter;openedApp;2023-01-24T07:09:50Z
twitter;dismissedAppOpening;2023-01-24T07:15:08Z
twitter;dismissedAppOpening;2023-01-24T07:15:11Z
twitter;openedApp;2023-01-24T07:15:41Z
twitter;dismissedAppOpening;2023-01-24T07:33:35Z
twitter;dismissedAppOpening;2023-01-25T08:40:08Z
twitter;openedApp;2023-01-26T06:01:55Z
twitter;openedApp;2023-01-26T06:03:19Z
twitter;openedApp;2023-01-27T08:21:19Z
twitter;openedApp;2023-01-27T08:45:27Z
twitter;openedApp;2023-01-27T08:47:38Z
youtube;dismissedAppOpening;2023-01-27T09:34:04Z
youtube;openedApp;2023-01-27T09:34:27Z
youtube;dismissedAppOpening;2023-01-27T15:45:45Z
youtube;openedApp;2023-01-27T15:45:56Z
youtube;dismissedAppOpening;2023-01-27T16:30:47Z
youtube;openedApp;2023-01-27T16:31:04Z
youtube;openedApp;2023-01-28T07:57:11Z
youtube;dismissedAppOpening;2023-01-28T08:02:17Z
youtube;dismissedAppOpening;2023-01-28T08:02:19Z
youtube;dismissedAppOpening;2023-01-28T08:02:23Z
youtube;openedApp;2023-01-28T08:02:35Z
youtube;openedApp;2023-01-28T08:10:10Z
youtube;openedApp;2023-01-28T11:27:55Z
youtube;dismissedAppOpening;2023-01-29T04:32:41Z
youtube;openedApp;2023-01-29T04:33:04Z
youtube;openedApp;2023-01-29T13:25:08Z
youtube;dismissedAppOpening;2023-01-29T13:50:44Z
youtube;dismissedAppOpening;2023-01-29T13:50:47Z
youtube;openedApp;2023-01-29T17:02:50Z
youtube;openedApp;2023-01-29T17:19:24Z
youtube;dismissedAppOpening;2023-01-30T17:04:32Z
twitter;openedApp;2023-01-30T17:14:24Z
youtube;openedApp;2023-01-30T18:18:24Z
youtube;openedApp;2023-01-31T06:59:46Z
youtube;openedApp;2023-01-31T07:10:31Z
twitter;openedApp;2023-01-31T10:43:06Z
twitter;dismissedAppOpening;2023-01-31T11:19:22Z
youtube;openedApp;2023-01-31T12:37:58Z
twitter;dismissedAppOpening;2023-01-31T17:02:28Z
twitter;openedApp;2023-01-31T17:02:47Z
twitter;openedApp;2023-01-31T17:08:08Z
twitter;openedApp;2023-01-31T17:12:06Z
twitter;openedApp;2023-01-31T18:17:45Z
youtube;openedApp;2023-01-31T22:00:01Z
twitter;dismissedAppOpening;2023-02-01T07:05:20Z
youtube;openedApp;2023-02-01T09:23:09Z
youtube;dismissedAppOpening;2023-02-01T11:27:12Z
youtube;openedApp;2023-02-01T13:50:41Z
twitter;dismissedAppOpening;2023-02-01T15:38:42Z
twitter;dismissedAppOpening;2023-02-01T21:29:25Z
youtube;openedApp;2023-02-02T06:16:06Z
twitter;dismissedAppOpening;2023-02-02T16:35:43Z
youtube;openedApp;2023-02-02T16:41:51Z
youtube;openedApp;2023-02-02T20:20:19Z
twitter;openedApp;2023-02-03T09:22:55Z
youtube;openedApp;2023-02-03T11:16:42Z
twitter;openedApp;2023-02-03T12:37:16Z
twitter;openedApp;2023-02-03T12:38:53Z
youtube;dismissedAppOpening;2023-02-03T15:51:33Z
youtube;openedApp;2023-02-03T15:51:43Z
youtube;openedApp;2023-02-03T15:53:55Z
youtube;dismissedAppOpening;2023-02-04T07:37:24Z
youtube;dismissedAppOpening;2023-02-04T07:51:52Z
twitter;openedApp;2023-02-04T15:46:54Z
youtube;openedApp;2023-02-04T17:09:13Z
twitter;openedApp;2023-02-04T19:27:50Z
twitter;openedApp;2023-02-04T19:32:05Z
youtube;openedApp;2023-02-04T19:39:40Z
youtube;dismissedAppOpening;2023-02-04T19:45:30Z
youtube;openedApp;2023-02-04T19:48:28Z
youtube;openedApp;2023-02-04T23:44:45Z
youtube;dismissedAppOpening;2023-02-05T08:26:08Z
youtube;openedApp;2023-02-05T08:26:27Z
youtube;openedApp;2023-02-05T08:29:02Z
youtube;openedApp;2023-02-05T08:50:52Z
youtube;dismissedAppOpening;2023-02-05T08:54:50Z
youtube;openedApp;2023-02-05T08:58:07Z
twitter;openedApp;2023-02-05T14:21:30Z
twitter;dismissedAppOpening;2023-02-05T14:39:07Z
youtube;openedApp;2023-02-05T18:03:47Z
twitter;openedApp;2023-02-05T20:06:39Z
youtube;openedApp;2023-02-06T17:28:16Z
youtube;openedApp;2023-02-06T18:06:09Z
youtube;dismissedAppOpening;2023-02-07T18:52:18Z
youtube;openedApp;2023-02-07T18:52:40Z
youtube;openedApp;2023-02-07T18:57:37Z
youtube;openedApp;2023-02-07T19:09:23Z
youtube;dismissedAppOpening;2023-02-08T08:02:55Z
youtube;openedApp;2023-02-08T08:03:04Z
youtube;openedApp;2023-02-08T08:29:47Z
youtube;openedApp;2023-02-08T09:57:45Z
youtube;openedApp;2023-02-08T10:41:32Z
youtube;openedApp;2023-02-11T08:53:33Z
twitter;openedApp;2023-02-11T08:59:46Z
youtube;openedApp;2023-02-11T09:17:37Z
youtube;openedApp;2023-02-11T12:56:00Z
youtube;openedApp;2023-02-11T14:17:35Z
youtube;openedApp;2023-02-11T22:57:22Z
youtube;dismissedAppOpening;2023-02-11T23:01:33Z
youtube;openedApp;2023-02-12T18:41:46Z
youtube;dismissedAppOpening;2023-02-12T20:34:26Z
twitter;dismissedAppOpening;2023-02-13T08:24:31Z
twitter;dismissedAppOpening;2023-02-13T08:24:35Z
twitter;dismissedAppOpening;2023-02-13T08:24:37Z
twitter;dismissedAppOpening;2023-02-13T08:25:05Z
youtube;openedApp;2023-02-13T09:12:47Z
twitter;dismissedAppOpening;2023-02-13T18:08:07Z
twitter;dismissedAppOpening;2023-02-13T18:08:31Z
youtube;openedApp;2023-02-13T18:40:12Z
youtube;dismissedAppOpening;2023-02-13T21:33:01Z
youtube;openedApp;2023-02-14T09:28:12Z
youtube;openedApp;2023-02-14T10:52:46Z
youtube;dismissedAppOpening;2023-02-15T10:30:07Z
youtube;dismissedAppOpening;2023-02-15T11:29:43Z
youtube;openedApp;2023-02-15T16:58:21Z
youtube;openedApp;2023-02-15T21:10:08Z
youtube;openedApp;2023-02-15T22:00:56Z
youtube;dismissedAppOpening;2023-02-16T15:45:44Z
youtube;openedApp;2023-02-16T15:46:01Z
youtube;openedApp;2023-02-16T20:01:57Z
twitter;dismissedAppOpening;2023-02-17T22:43:03Z
twitter;openedApp;2023-02-17T22:43:18Z
youtube;openedApp;2023-02-18T06:47:23Z
youtube;openedApp;2023-02-18T09:35:22Z
youtube;openedApp;2023-02-18T15:25:20Z
youtube;openedApp;2023-02-18T23:44:15Z
youtube;openedApp;2023-02-19T14:15:31Z
youtube;openedApp;2023-02-19T18:16:37Z
youtube;openedApp;2023-02-20T07:33:47Z
youtube;dismissedAppOpening;2023-02-20T14:17:11Z
youtube;openedApp;2023-02-20T16:08:44Z
youtube;dismissedAppOpening;2023-02-20T16:53:56Z
youtube;openedApp;2023-02-20T17:44:14Z
youtube;dismissedAppOpening;2023-02-20T18:05:27Z
youtube;openedApp;2023-02-21T21:52:54Z
youtube;openedApp;2023-02-22T18:07:50Z
twitter;openedApp;2023-02-23T12:44:27Z
twitter;openedApp;2023-02-23T12:51:34Z
twitter;openedApp;2023-02-25T22:51:39Z
youtube;dismissedAppOpening;2023-02-26T07:09:09Z
youtube;openedApp;2023-02-26T07:09:24Z
youtube;dismissedAppOpening;2023-02-26T07:59:10Z
youtube;dismissedAppOpening;2023-02-26T12:41:18Z
youtube;dismissedAppOpening;2023-02-26T12:49:18Z
youtube;openedApp;2023-02-26T21:04:48Z
youtube;openedApp;2023-02-27T07:18:17Z
youtube;openedApp;2023-02-27T07:30:05Z
youtube;openedApp;2023-02-27T16:39:11Z
mydealz;dismissedAppOpening;2023-02-27T17:45:32Z
youtube;openedApp;2023-02-27T17:46:19Z
youtube;openedApp;2023-02-27T21:08:36Z
mydealz;openedApp;2023-02-28T07:10:26Z
mydealz;openedApp;2023-02-28T07:17:28Z
mydealz;dismissedAppOpening;2023-02-28T07:36:31Z
mydealz;dismissedAppOpening;2023-02-28T07:36:33Z
mydealz;dismissedAppOpening;2023-02-28T08:32:10Z
mydealz;dismissedAppOpening;2023-02-28T08:32:23Z
mydealz;dismissedAppOpening;2023-02-28T08:32:30Z
mydealz;openedApp;2023-02-28T08:32:49Z
mydealz;openedApp;2023-02-28T11:16:13Z
mydealz;dismissedAppOpening;2023-02-28T13:52:58Z
mydealz;dismissedAppOpening;2023-02-28T19:26:00Z
mydealz;openedApp;2023-02-28T21:42:45Z
mydealz;dismissedAppOpening;2023-02-28T21:46:31Z
mydealz;dismissedAppOpening;2023-02-28T21:46:33Z
mydealz;dismissedAppOpening;2023-02-28T21:46:34Z
mydealz;dismissedAppOpening;2023-03-01T07:46:09Z
mydealz;dismissedAppOpening;2023-03-01T07:46:12Z
mydealz;dismissedAppOpening;2023-03-01T07:46:19Z
mydealz;dismissedAppOpening;2023-03-01T07:47:46Z
mydealz;openedApp;2023-03-01T07:49:37Z
mydealz;dismissedAppOpening;2023-03-01T07:58:25Z
youtube;openedApp;2023-03-01T07:59:17Z
mydealz;openedApp;2023-03-01T09:49:14Z
mydealz;dismissedAppOpening;2023-03-01T09:51:41Z
mydealz;openedApp;2023-03-01T10:25:23Z
mydealz;openedApp;2023-03-01T10:29:12Z
youtube;openedApp;2023-03-01T13:37:51Z
youtube;openedApp;2023-03-01T15:51:21Z
youtube;dismissedAppOpening;2023-03-01T22:15:11Z
youtube;dismissedAppOpening;2023-03-01T22:15:28Z
youtube;openedApp;2023-03-01T23:06:53Z
mydealz;openedApp;2023-03-02T09:39:17Z
mydealz;dismissedAppOpening;2023-03-02T09:39:18Z
mydealz;openedApp;2023-03-02T10:55:31Z
mydealz;dismissedAppOpening;2023-03-02T11:01:51Z
mydealz;dismissedAppOpening;2023-03-02T11:01:52Z
mydealz;dismissedAppOpening;2023-03-02T11:41:53Z
mydealz;openedApp;2023-03-02T13:45:52Z
youtube;openedApp;2023-03-02T20:54:56Z
mydealz;dismissedAppOpening;2023-03-02T21:37:30Z
mydealz;openedApp;2023-03-02T21:40:48Z
mydealz;openedApp;2023-03-02T21:46:21Z
mydealz;openedApp;2023-03-02T22:52:01Z
mydealz;dismissedAppOpening;2023-03-03T08:07:43Z
mydealz;openedApp;2023-03-03T10:41:01Z
mydealz;openedApp;2023-03-03T10:51:17Z
mydealz;openedApp;2023-03-03T12:42:14Z
youtube;openedApp;2023-03-03T18:49:25Z
youtube;dismissedAppOpening;2023-03-03T19:12:10Z
mydealz;openedApp;2023-03-03T19:12:48Z
youtube;dismissedAppOpening;2023-03-03T19:13:58Z
youtube;openedApp;2023-03-04T16:26:45Z
mydealz;dismissedAppOpening;2023-03-04T22:21:24Z
mydealz;openedApp;2023-03-04T22:24:27Z
mydealz;dismissedAppOpening;2023-03-04T22:31:23Z
youtube;openedApp;2023-03-04T22:34:00Z
mydealz;openedApp;2023-03-04T23:42:33Z
mydealz;dismissedAppOpening;2023-03-05T07:54:22Z
youtube;dismissedAppOpening;2023-03-05T18:37:23Z
mydealz;openedApp;2023-03-05T22:15:36Z
mydealz;dismissedAppOpening;2023-03-05T22:59:00Z
mydealz;dismissedAppOpening;2023-03-05T22:59:09Z
mydealz;openedApp;2023-03-05T22:59:50Z
mydealz;dismissedAppOpening;2023-03-05T23:04:44Z
mydealz;dismissedAppOpening;2023-03-05T23:04:47Z
youtube;openedApp;2023-03-06T06:30:18Z
mydealz;dismissedAppOpening;2023-03-06T06:37:07Z
mydealz;dismissedAppOpening;2023-03-06T08:54:29Z
mydealz;openedApp;2023-03-06T09:46:36Z
youtube;openedApp;2023-03-06T15:58:49Z
youtube;dismissedAppOpening;2023-03-06T17:53:54Z
mydealz;openedApp;2023-03-07T06:01:32Z
youtube;openedApp;2023-03-07T06:10:18Z
mydealz;dismissedAppOpening;2023-03-07T11:08:19Z
mydealz;openedApp;2023-03-07T18:11:14Z
mydealz;dismissedAppOpening;2023-03-07T18:15:53Z
mydealz;openedApp;2023-03-07T18:16:10Z
mydealz;dismissedAppOpening;2023-03-08T07:16:24Z
mydealz;dismissedAppOpening;2023-03-08T07:16:24Z
mydealz;dismissedAppOpening;2023-03-08T08:37:05Z
mydealz;openedApp;2023-03-08T08:38:13Z
mydealz;openedApp;2023-03-08T10:56:09Z
mydealz;openedApp;2023-03-08T14:26:40Z
mydealz;dismissedAppOpening;2023-03-08T14:34:45Z
mydealz;openedApp;2023-03-08T15:30:33Z
mydealz;openedApp;2023-03-08T15:32:50Z
mydealz;dismissedAppOpening;2023-03-08T16:11:41Z
mydealz;dismissedAppOpening;2023-03-09T05:45:26Z
mydealz;openedApp;2023-03-09T06:09:33Z
mydealz;dismissedAppOpening;2023-03-09T06:22:35Z
mydealz;dismissedAppOpening;2023-03-09T06:22:36Z
mydealz;dismissedAppOpening;2023-03-09T21:28:38Z
mydealz;dismissedAppOpening;2023-03-09T22:21:17Z
youtube;openedApp;2023-03-09T23:27:14Z
mydealz;openedApp;2023-03-10T07:16:56Z
mydealz;dismissedAppOpening;2023-03-10T07:47:38Z
youtube;openedApp;2023-03-10T07:48:07Z
mydealz;dismissedAppOpening;2023-03-10T10:02:26Z
mydealz;dismissedAppOpening;2023-03-10T11:51:50Z
mydealz;openedApp;2023-03-10T14:45:34Z
mydealz;dismissedAppOpening;2023-03-10T15:01:48Z
mydealz;dismissedAppOpening;2023-03-10T15:35:57Z
mydealz;dismissedAppOpening;2023-03-10T15:36:09Z
mydealz;dismissedAppOpening;2023-03-10T18:02:56Z
mydealz;openedApp;2023-03-10T23:20:44Z
mydealz;dismissedAppOpening;2023-03-10T23:32:41Z
mydealz;openedApp;2023-03-11T12:05:33Z
mydealz;openedApp;2023-03-12T09:04:52Z
mydealz;dismissedAppOpening;2023-03-12T10:56:52Z
mydealz;dismissedAppOpening;2023-03-12T11:11:37Z
youtube;openedApp;2023-03-12T15:15:32Z
youtube;openedApp;2023-03-12T23:16:34Z
youtube;openedApp;2023-03-13T00:23:41Z
youtube;openedApp;2023-03-13T21:58:11Z
youtube;openedApp;2023-03-14T23:32:23Z
youtube;openedApp;2023-03-15T00:05:00Z
youtube;dismissedAppOpening;2023-03-15T08:34:11Z
youtube;dismissedAppOpening;2023-03-15T17:44:32Z
youtube;openedApp;2023-03-15T17:45:25Z
youtube;dismissedAppOpening;2023-03-15T17:52:48Z
youtube;openedApp;2023-03-15T17:54:14Z
youtube;openedApp;2023-03-15T18:18:36Z
youtube;openedApp;2023-03-15T19:19:10Z
youtube;dismissedAppOpening;2023-03-15T21:22:44Z
youtube;dismissedAppOpening;2023-03-15T21:22:46Z
youtube;openedApp;2023-03-15T23:21:29Z
mydealz;dismissedAppOpening;2023-03-16T14:53:50Z
mydealz;dismissedAppOpening;2023-03-16T17:14:10Z
youtube;openedApp;2023-03-16T17:14:23Z
youtube;openedApp;2023-03-16T21:38:14Z
mydealz;openedApp;2023-03-17T11:53:48Z
mydealz;dismissedAppOpening;2023-03-17T12:07:19Z
youtube;openedApp;2023-03-17T22:00:30Z
mydealz;dismissedAppOpening;2023-03-18T08:59:25Z
mydealz;dismissedAppOpening;2023-03-18T08:59:27Z
mydealz;dismissedAppOpening;2023-03-18T08:59:27Z
mydealz;openedApp;2023-03-18T09:01:41Z
youtube;openedApp;2023-03-18T18:23:41Z
youtube;openedApp;2023-03-18T19:15:53Z
youtube;dismissedAppOpening;2023-03-18T19:59:28Z
youtube;openedApp;2023-03-19T10:58:59Z
youtube;dismissedAppOpening;2023-03-19T11:46:42Z
youtube;openedApp;2023-03-19T15:18:22Z
youtube;openedApp;2023-03-20T16:11:39Z
mydealz;openedApp;2023-03-20T23:00:58Z
mydealz;openedApp;2023-03-20T23:17:42Z
youtube;dismissedAppOpening;2023-03-21T07:52:33Z
youtube;dismissedAppOpening;2023-03-21T07:56:32Z
youtube;dismissedAppOpening;2023-03-21T07:56:36Z
youtube;openedApp;2023-03-21T07:56:55Z
youtube;openedApp;2023-03-21T16:07:00Z
youtube;openedApp;2023-03-21T19:40:58Z
youtube;openedApp;2023-03-22T06:42:17Z
youtube;dismissedAppOpening;2023-03-22T06:44:30Z
mydealz;openedApp;2023-03-22T11:31:54Z
youtube;openedApp;2023-03-22T20:24:13Z
youtube;openedApp;2023-03-23T17:19:12Z
youtube;openedApp;2023-03-23T18:26:38Z
twitter;dismissedAppOpening;2023-03-23T19:47:36Z
twitter;openedApp;2023-03-23T19:47:49Z
youtube;openedApp;2023-03-23T22:48:21Z
twitter;dismissedAppOpening;2023-03-24T05:28:19Z
twitter;dismissedAppOpening;2023-03-24T05:28:23Z
mydealz;dismissedAppOpening;2023-03-24T10:55:36Z
mydealz;openedApp;2023-03-24T11:01:37Z
mydealz;openedApp;2023-03-24T11:06:19Z
youtube;openedApp;2023-03-24T11:36:00Z
youtube;openedApp;2023-03-24T11:41:39Z
mydealz;openedApp;2023-03-24T11:54:33Z
mydealz;openedApp;2023-03-24T15:09:36Z
mydealz;dismissedAppOpening;2023-03-26T09:35:10Z
mydealz;dismissedAppOpening;2023-03-26T16:27:31Z
mydealz;openedApp;2023-03-26T18:46:27Z
youtube;openedApp;2023-03-26T21:38:46Z
mydealz;openedApp;2023-03-27T07:25:32Z
mydealz;openedApp;2023-03-27T07:45:13Z
mydealz;openedApp;2023-03-27T08:35:48Z
mydealz;dismissedAppOpening;2023-03-27T08:38:09Z
mydealz;openedApp;2023-03-27T08:38:35Z
youtube;openedApp;2023-03-27T19:13:50Z
youtube;dismissedAppOpening;2023-03-27T20:09:05Z
youtube;openedApp;2023-03-28T04:52:45Z
youtube;openedApp;2023-03-28T06:13:47Z
youtube;dismissedAppOpening;2023-03-28T06:49:16Z
youtube;openedApp;2023-03-28T07:31:19Z
youtube;dismissedAppOpening;2023-03-28T09:33:45Z
youtube;openedApp;2023-03-28T09:33:52Z
youtube;openedApp;2023-03-28T14:47:10Z
youtube;openedApp;2023-03-28T19:35:46Z
youtube;openedApp;2023-03-28T20:42:12Z
youtube;openedApp;2023-03-28T20:51:26Z
youtube;openedApp;2023-03-29T15:53:42Z
youtube;openedApp;2023-03-29T16:04:09Z
youtube;openedApp;2023-03-30T08:25:30Z
twitter;openedApp;2023-03-30T16:05:21Z
twitter;openedApp;2023-03-30T16:07:53Z
mydealz;openedApp;2023-03-31T07:19:53Z
mydealz;openedApp;2023-03-31T10:36:11Z
mydealz;openedApp;2023-03-31T16:45:00Z
youtube;openedApp;2023-04-02T12:28:33Z
mydealz;openedApp;2023-04-02T17:20:05Z
youtube;openedApp;2023-04-02T19:50:47Z
mydealz;openedApp;2023-04-02T20:14:09Z
youtube;openedApp;2023-04-02T20:14:29Z
youtube;openedApp;2023-04-02T20:36:10Z
youtube;openedApp;2023-04-03T15:02:21Z
youtube;openedApp;2023-04-03T17:53:50Z
mydealz;dismissedAppOpening;2023-04-03T19:55:41Z
youtube;openedApp;2023-04-03T20:54:54Z
youtube;openedApp;2023-04-04T06:45:38Z
mydealz;openedApp;2023-04-04T08:57:56Z
youtube;openedApp;2023-04-04T11:00:59Z
youtube;openedApp;2023-04-04T11:58:04Z
youtube;openedApp;2023-04-04T15:35:26Z
youtube;openedApp;2023-04-04T20:05:27Z
youtube;dismissedAppOpening;2023-04-04T20:51:45Z
youtube;dismissedAppOpening;2023-04-04T20:51:48Z
mydealz;dismissedAppOpening;2023-04-05T07:02:27Z
youtube;openedApp;2023-04-05T15:26:00Z
youtube;openedApp;2023-04-05T16:16:36Z
mydealz;dismissedAppOpening;2023-04-06T06:00:05Z
youtube;openedApp;2023-04-06T06:20:22Z
youtube;openedApp;2023-04-06T06:33:09Z
youtube;openedApp;2023-04-06T08:20:10Z
youtube;dismissedAppOpening;2023-04-06T08:36:00Z
youtube;openedApp;2023-04-06T08:36:23Z
youtube;openedApp;2023-04-06T08:38:33Z
youtube;openedApp;2023-04-06T09:30:59Z
mydealz;openedApp;2023-04-06T20:49:48Z
mydealz;dismissedAppOpening;2023-04-06T21:09:15Z
mydealz;openedApp;2023-04-06T21:16:13Z
mydealz;dismissedAppOpening;2023-04-06T21:30:46Z
mydealz;openedApp;2023-04-06T21:33:23Z
youtube;dismissedAppOpening;2023-04-06T21:48:24Z
youtube;openedApp;2023-04-06T21:48:52Z
youtube;openedApp;2023-04-06T22:14:37Z
youtube;openedApp;2023-04-07T07:07:49Z
mydealz;openedApp;2023-04-07T07:23:38Z
youtube;openedApp;2023-04-07T07:45:40Z
youtube;openedApp;2023-04-07T09:46:09Z
mydealz;openedApp;2023-04-07T10:54:05Z
youtube;openedApp;2023-04-07T12:54:19Z
mydealz;openedApp;2023-04-07T15:24:27Z
youtube;openedApp;2023-04-07T15:30:48Z
youtube;openedApp;2023-04-07T18:11:18Z
youtube;openedApp;2023-04-07T18:54:37Z
youtube;openedApp;2023-04-07T20:17:51Z
twitter;openedApp;2023-04-07T20:40:48Z
twitter;dismissedAppOpening;2023-04-07T21:12:05Z
youtube;openedApp;2023-04-07T21:12:13Z
youtube;openedApp;2023-04-08T18:41:46Z
youtube;openedApp;2023-04-08T21:09:05Z
youtube;openedApp;2023-04-08T21:14:55Z
youtube;dismissedAppOpening;2023-04-10T06:55:21Z
youtube;openedApp;2023-04-10T07:11:35Z
youtube;dismissedAppOpening;2023-04-10T08:26:16Z
youtube;dismissedAppOpening;2023-04-10T08:26:24Z
youtube;openedApp;2023-04-10T12:31:19Z
mydealz;dismissedAppOpening;2023-04-10T21:45:11Z
mydealz;dismissedAppOpening;2023-04-11T20:48:28Z
mydealz;dismissedAppOpening;2023-04-11T20:48:32Z
youtube;openedApp;2023-04-11T20:57:33Z
youtube;openedApp;2023-04-11T21:45:21Z
mydealz;dismissedAppOpening;2023-04-12T07:50:54Z
youtube;dismissedAppOpening;2023-04-12T07:51:22Z
youtube;openedApp;2023-04-12T08:01:49Z
mydealz;dismissedAppOpening;2023-04-12T08:50:38Z
youtube;openedApp;2023-04-13T21:24:53Z
youtube;openedApp;2023-04-13T22:12:31Z
youtube;openedApp;2023-04-14T08:50:42Z
youtube;openedApp;2023-04-14T09:01:04Z
youtube;dismissedAppOpening;2023-04-14T09:24:14Z
mydealz;dismissedAppOpening;2023-04-14T12:24:48Z
mydealz;dismissedAppOpening;2023-04-14T13:15:56Z
youtube;openedApp;2023-04-14T13:49:18Z
youtube;openedApp;2023-04-14T13:57:22Z
youtube;openedApp;2023-04-14T14:04:54Z
youtube;openedApp;2023-04-14T14:47:03Z
youtube;openedApp;2023-04-14T16:22:06Z
youtube;openedApp;2023-04-15T07:43:51Z
youtube;openedApp;2023-04-15T10:25:13Z
youtube;openedApp;2023-04-15T13:22:28Z
youtube;openedApp;2023-04-15T13:25:55Z
mydealz;dismissedAppOpening;2023-04-15T13:33:05Z
youtube;openedApp;2023-04-15T21:37:20Z
youtube;openedApp;2023-04-16T08:34:07Z
mydealz;openedApp;2023-04-16T10:10:36Z
youtube;openedApp;2023-04-16T15:10:31Z
youtube;openedApp;2023-04-16T16:04:04Z
youtube;openedApp;2023-04-16T18:27:54Z
youtube;openedApp;2023-04-16T18:51:57Z
youtube;openedApp;2023-04-17T17:18:02Z
youtube;openedApp;2023-04-17T17:24:30Z
youtube;openedApp;2023-04-17T17:49:41Z
youtube;dismissedAppOpening;2023-04-17T18:32:04Z
youtube;dismissedAppOpening;2023-04-17T18:34:43Z
mydealz;dismissedAppOpening;2023-04-17T21:01:55Z
youtube;dismissedAppOpening;2023-04-18T06:42:17Z
youtube;openedApp;2023-04-18T06:47:20Z
mydealz;dismissedAppOpening;2023-04-18T07:19:16Z
mydealz;openedApp;2023-04-18T13:25:00Z
youtube;openedApp;2023-04-18T14:59:48Z
mydealz;openedApp;2023-04-18T18:40:29Z
mydealz;dismissedAppOpening;2023-04-18T18:42:29Z
youtube;openedApp;2023-04-18T19:41:08Z
youtube;openedApp;2023-04-18T20:32:51Z
youtube;dismissedAppOpening;2023-04-19T15:39:59Z
youtube;openedApp;2023-04-19T15:40:08Z
youtube;openedApp;2023-04-20T07:01:04Z
youtube;openedApp;2023-04-20T15:07:35Z
youtube;openedApp;2023-04-20T15:26:53Z
youtube;dismissedAppOpening;2023-04-20T15:35:08Z
youtube;dismissedAppOpening;2023-04-20T15:36:46Z
mydealz;openedApp;2023-04-20T15:46:20Z
youtube;dismissedAppOpening;2023-04-20T15:47:59Z
youtube;openedApp;2023-04-20T15:48:11Z
mydealz;openedApp;2023-04-20T21:33:42Z
youtube;dismissedAppOpening;2023-04-21T07:24:14Z
youtube;openedApp;2023-04-21T07:24:22Z
twitter;openedApp;2023-04-21T08:46:41Z
youtube;dismissedAppOpening;2023-04-21T09:05:17Z
youtube;openedApp;2023-04-21T09:05:47Z
youtube;openedApp;2023-04-21T09:09:32Z
youtube;openedApp;2023-04-21T09:45:02Z
youtube;openedApp;2023-04-21T14:25:14Z
youtube;openedApp;2023-04-21T18:13:27Z
youtube;openedApp;2023-04-21T18:50:59Z
youtube;openedApp;2023-04-21T21:41:50Z
youtube;dismissedAppOpening;2023-04-22T10:24:03Z
youtube;openedApp;2023-04-22T15:15:03Z
mydealz;openedApp;2023-04-22T21:12:22Z
mydealz;openedApp;2023-04-22T21:14:44Z
youtube;openedApp;2023-04-22T21:30:21Z
mydealz;openedApp;2023-04-22T21:56:29Z
mydealz;openedApp;2023-04-22T22:04:57Z
youtube;openedApp;2023-04-23T09:00:06Z
youtube;dismissedAppOpening;2023-04-23T09:03:21Z
youtube;dismissedAppOpening;2023-04-23T11:20:16Z
youtube;dismissedAppOpening;2023-04-23T11:20:20Z
youtube;openedApp;2023-04-23T11:20:29Z
youtube;dismissedAppOpening;2023-04-23T11:23:04Z
youtube;dismissedAppOpening;2023-04-23T11:23:06Z
youtube;openedApp;2023-04-23T15:00:01Z
youtube;openedApp;2023-04-23T15:53:26Z
youtube;openedApp;2023-04-23T15:57:30Z
youtube;dismissedAppOpening;2023-04-23T16:06:08Z
youtube;dismissedAppOpening;2023-04-23T16:06:10Z
youtube;dismissedAppOpening;2023-04-23T16:06:12Z
youtube;openedApp;2023-04-23T16:11:50Z
youtube;openedApp;2023-04-24T14:45:32Z
youtube;dismissedAppOpening;2023-04-24T15:00:51Z
youtube;dismissedAppOpening;2023-04-24T15:00:53Z
youtube;openedApp;2023-04-24T17:07:12Z
youtube;openedApp;2023-04-25T14:36:48Z
youtube;dismissedAppOpening;2023-04-25T15:52:58Z
youtube;openedApp;2023-04-25T16:36:24Z
mydealz;openedApp;2023-04-25T17:21:10Z
youtube;openedApp;2023-04-25T18:45:42Z
youtube;openedApp;2023-04-25T19:34:35Z
mydealz;dismissedAppOpening;2023-04-26T09:02:06Z
youtube;openedApp;2023-04-26T13:15:38Z
youtube;openedApp;2023-04-26T13:17:46Z
youtube;openedApp;2023-04-27T06:19:12Z
youtube;dismissedAppOpening;2023-04-28T16:57:55Z
youtube;openedApp;2023-04-28T20:06:22Z
youtube;dismissedAppOpening;2023-04-28T20:27:30Z
youtube;openedApp;2023-04-28T20:38:56Z
youtube;openedApp;2023-04-28T21:09:18Z
mydealz;openedApp;2023-04-28T21:45:07Z
youtube;openedApp;2023-04-29T06:56:47Z
youtube;dismissedAppOpening;2023-04-29T15:49:36Z
youtube;openedApp;2023-04-29T15:49:56Z
youtube;openedApp;2023-04-29T21:32:25Z
mydealz;openedApp;2023-04-30T06:10:29Z
youtube;openedApp;2023-04-30T08:49:22Z
youtube;dismissedAppOpening;2023-04-30T08:55:30Z
youtube;openedApp;2023-04-30T08:56:17Z
youtube;openedApp;2023-04-30T09:24:42Z
youtube;openedApp;2023-04-30T10:31:42Z
youtube;openedApp;2023-04-30T16:16:01Z
youtube;openedApp;2023-04-30T17:10:56Z
youtube;openedApp;2023-05-02T10:46:28Z
youtube;dismissedAppOpening;2023-05-02T11:13:03Z
youtube;openedApp;2023-05-02T11:59:17Z
youtube;openedApp;2023-05-02T14:40:58Z
youtube;openedApp;2023-05-02T16:54:38Z
youtube;openedApp;2023-05-02T18:59:48Z
youtube;openedApp;2023-05-03T20:01:49Z
youtube;openedApp;2023-05-03T21:07:18Z
youtube;dismissedAppOpening;2023-05-03T21:15:45Z
youtube;dismissedAppOpening;2023-05-03T21:15:46Z
youtube;openedApp;2023-05-04T06:02:01Z
youtube;openedApp;2023-05-04T14:54:16Z
youtube;openedApp;2023-05-04T20:20:46Z
youtube;openedApp;2023-05-04T20:49:15Z
youtube;openedApp;2023-05-05T18:38:42Z
youtube;openedApp;2023-05-06T06:39:34Z
mydealz;openedApp;2023-05-06T18:39:30Z
youtube;openedApp;2023-05-06T21:24:38Z
youtube;dismissedAppOpening;2023-05-07T07:50:21Z
youtube;dismissedAppOpening;2023-05-07T07:51:44Z
youtube;dismissedAppOpening;2023-05-07T07:51:46Z
youtube;openedApp;2023-05-07T14:11:35Z
youtube;openedApp;2023-05-07T17:59:55Z
youtube;openedApp;2023-05-07T18:06:40Z
youtube;openedApp;2023-05-07T18:11:55Z
mydealz;dismissedAppOpening;2023-05-11T15:35:50Z
youtube;openedApp;2023-05-12T06:55:24Z
mydealz;dismissedAppOpening;2023-05-14T09:38:23Z
youtube;dismissedAppOpening;2023-05-14T16:38:07Z
youtube;openedApp;2023-05-15T12:57:58Z
youtube;openedApp;2023-05-15T19:04:18Z
youtube;dismissedAppOpening;2023-05-16T05:53:20Z
youtube;dismissedAppOpening;2023-05-16T12:29:06Z
youtube;dismissedAppOpening;2023-05-16T12:29:08Z
mydealz;dismissedAppOpening;2023-05-17T05:02:09Z
youtube;openedApp;2023-05-17T14:40:31Z
youtube;dismissedAppOpening;2023-05-18T15:35:02Z
youtube;openedApp;2023-05-18T15:35:12Z
mydealz;dismissedAppOpening;2023-05-18T20:52:45Z
youtube;dismissedAppOpening;2023-05-18T21:51:06Z
youtube;openedApp;2023-05-18T21:51:23Z
youtube;openedApp;2023-05-18T22:27:07Z
youtube;dismissedAppOpening;2023-05-18T22:56:32Z
youtube;dismissedAppOpening;2023-05-18T22:56:34Z
youtube;openedApp;2023-05-19T06:00:13Z
youtube;openedApp;2023-05-19T13:04:28Z
youtube;openedApp;2023-05-20T22:59:45Z
mydealz;dismissedAppOpening;2023-05-21T07:13:10Z
mydealz;dismissedAppOpening;2023-05-21T07:13:47Z
youtube;openedApp;2023-05-21T13:05:36Z
youtube;dismissedAppOpening;2023-05-21T20:45:42Z
youtube;dismissedAppOpening;2023-05-22T20:19:43Z
youtube;dismissedAppOpening;2023-05-22T20:19:57Z
youtube;dismissedAppOpening;2023-05-22T20:27:29Z
youtube;openedApp;2023-05-22T20:27:54Z
youtube;openedApp;2023-05-23T17:39:26Z
youtube;openedApp;2023-05-25T19:58:45Z
youtube;dismissedAppOpening;2023-05-27T06:41:40Z
youtube;dismissedAppOpening;2023-05-27T12:06:08Z
mail;openedApp;2023-05-29T09:27:51Z
mail;dismissedAppOpening;2023-05-29T09:30:01Z
mail;dismissedAppOpening;2023-05-29T09:30:16Z
mail;dismissedAppOpening;2023-05-29T09:30:18Z
youtube;openedApp;2023-05-29T11:12:58Z
youtube;openedApp;2023-05-29T11:31:49Z
youtube;openedApp;2023-05-29T12:22:22Z
mydealz;dismissedAppOpening;2023-05-29T12:23:55Z
youtube;dismissedAppOpening;2023-05-29T12:24:55Z
youtube;dismissedAppOpening;2023-05-29T15:08:01Z
mydealz;openedApp;2023-05-29T15:08:09Z
mydealz;dismissedAppOpening;2023-05-29T15:41:51Z
youtube;openedApp;2023-05-29T18:43:24Z
youtube;dismissedAppOpening;2023-05-30T04:29:18Z
youtube;openedApp;2023-05-30T18:35:20Z
youtube;openedApp;2023-05-31T13:57:36Z
youtube;openedApp;2023-05-31T17:54:57Z
youtube;openedApp;2023-05-31T18:09:48Z
youtube;openedApp;2023-05-31T19:07:05Z
mydealz;openedApp;2023-05-31T19:41:27Z
mydealz;openedApp;2023-05-31T19:46:17Z
youtube;openedApp;2023-05-31T20:05:22Z
youtube;dismissedAppOpening;2023-06-01T04:49:16Z
youtube;openedApp;2023-06-01T04:49:59Z
youtube;openedApp;2023-06-01T05:56:06Z
mydealz;dismissedAppOpening;2023-06-01T11:24:42Z
youtube;openedApp;2023-06-01T18:09:56Z
youtube;openedApp;2023-06-01T18:37:51Z
youtube;openedApp;2023-06-01T18:43:45Z
youtube;dismissedAppOpening;2023-06-01T19:02:43Z
youtube;openedApp;2023-06-01T19:02:49Z
youtube;openedApp;2023-06-02T13:59:17Z
youtube;openedApp;2023-06-02T14:09:36Z
youtube;openedApp;2023-06-02T17:13:10Z
youtube;dismissedAppOpening;2023-06-02T18:34:59Z
mydealz;openedApp;2023-06-02T20:23:40Z
youtube;openedApp;2023-06-02T20:42:38Z
mydealz;dismissedAppOpening;2023-06-03T07:54:02Z
mydealz;openedApp;2023-06-03T07:54:15Z
youtube;openedApp;2023-06-03T09:52:55Z
youtube;openedApp;2023-06-03T10:33:00Z
youtube;openedApp;2023-06-03T10:44:36Z
youtube;dismissedAppOpening;2023-06-03T10:46:08Z
mydealz;openedApp;2023-06-03T13:13:16Z
youtube;openedApp;2023-06-03T16:35:01Z
youtube;dismissedAppOpening;2023-06-03T16:57:45Z
youtube;openedApp;2023-06-03T16:58:11Z
youtube;openedApp;2023-06-03T17:46:17Z
youtube;openedApp;2023-06-03T21:11:02Z
youtube;openedApp;2023-06-04T16:50:57Z
youtube;openedApp;2023-06-04T17:32:05Z
youtube;openedApp;2023-06-04T17:36:14Z
youtube;openedApp;2023-06-05T05:42:25Z
youtube;openedApp;2023-06-06T19:00:46Z
youtube;dismissedAppOpening;2023-06-06T20:54:15Z
youtube;openedApp;2023-06-06T20:54:24Z
youtube;openedApp;2023-06-06T21:15:43Z
youtube;openedApp;2023-06-07T05:41:50Z
youtube;openedApp;2023-06-07T06:16:16Z
youtube;dismissedAppOpening;2023-06-07T19:33:42Z
youtube;openedApp;2023-06-07T21:05:15Z
mydealz;openedApp;2023-06-07T22:38:16Z
mydealz;openedApp;2023-06-07T22:41:18Z
youtube;openedApp;2023-06-08T07:45:21Z
youtube;openedApp;2023-06-08T10:08:26Z
youtube;dismissedAppOpening;2023-06-08T10:30:46Z
youtube;openedApp;2023-06-08T11:08:24Z
youtube;openedApp;2023-06-08T11:39:14Z
youtube;dismissedAppOpening;2023-06-08T12:24:47Z
youtube;openedApp;2023-06-08T16:52:14Z
mydealz;dismissedAppOpening;2023-06-09T05:03:57Z
mydealz;openedApp;2023-06-09T05:04:10Z
youtube;openedApp;2023-06-09T07:37:02Z
youtube;openedApp;2023-06-09T08:05:30Z
youtube;openedApp;2023-06-09T08:40:24Z
youtube;openedApp;2023-06-09T12:05:55Z
youtube;openedApp;2023-06-10T16:45:12Z
youtube;openedApp;2023-06-10T18:06:19Z
youtube;dismissedAppOpening;2023-06-11T05:41:59Z
youtube;openedApp;2023-06-11T05:42:25Z
youtube;openedApp;2023-06-11T08:02:08Z
youtube;openedApp;2023-06-11T13:52:21Z
youtube;dismissedAppOpening;2023-06-11T14:46:44Z
youtube;openedApp;2023-06-11T14:46:55Z
mydealz;dismissedAppOpening;2023-06-12T04:57:37Z
youtube;dismissedAppOpening;2023-06-12T05:17:46Z
youtube;openedApp;2023-06-12T11:07:27Z
mydealz;dismissedAppOpening;2023-06-13T10:58:04Z
youtube;openedApp;2023-06-13T11:41:23Z
youtube;openedApp;2023-06-14T21:47:06Z
youtube;openedApp;2023-06-17T13:41:00Z
youtube;openedApp;2023-06-17T19:16:35Z
safari;dismissedAppOpening;2023-06-18T19:38:13Z
imessage;dismissedAppOpening;2023-06-18T19:43:13Z
spotify;dismissedAppOpening;2023-06-18T19:43:24Z
imessage;openedApp;2023-06-18T19:44:01Z
signal;openedApp;2023-06-18T20:35:18Z
signal;dismissedAppOpening;2023-06-18T20:39:40Z
whastapp;openedApp;2023-06-18T20:40:43Z
safari;openedApp;2023-06-18T21:16:15Z
whastapp;openedApp;2023-06-18T21:49:04Z
spotify;openedApp;2023-06-18T22:13:29Z
imessage;openedApp;2023-06-19T08:00:45Z
whastapp;openedApp;2023-06-19T08:02:20Z
imessage;openedApp;2023-06-19T08:34:10Z
mail;openedApp;2023-06-19T08:34:54Z
mail;dismissedAppOpening;2023-06-19T08:46:49Z
mail;dismissedAppOpening;2023-06-19T08:46:54Z
mail;openedApp;2023-06-19T08:47:02Z
imessage;openedApp;2023-06-19T09:43:05Z
imessage;dismissedAppOpening;2023-06-19T10:57:10Z
imessage;openedApp;2023-06-19T10:57:47Z
mail;openedApp;2023-06-19T11:26:16Z
imessage;dismissedAppOpening;2023-06-19T11:48:39Z
imessage;openedApp;2023-06-19T11:48:49Z
mail;openedApp;2023-06-19T13:41:33Z
mail;openedApp;2023-06-19T14:29:44Z
spotify;openedApp;2023-06-19T14:59:14Z
spotify;dismissedAppOpening;2023-06-19T15:26:31Z
whastapp;dismissedAppOpening;2023-06-19T16:07:26Z
whastapp;openedApp;2023-06-19T16:07:32Z
imessage;openedApp;2023-06-19T16:45:06Z
imessage;openedApp;2023-06-19T16:45:41Z
imessage;dismissedAppOpening;2023-06-19T16:46:25Z
spotify;dismissedAppOpening;2023-06-19T17:54:30Z
imessage;openedApp;2023-06-19T17:55:38Z
imessage;dismissedAppOpening;2023-06-19T17:57:10Z
spotify;openedApp;2023-06-19T17:57:18Z
whastapp;openedApp;2023-06-19T19:51:25Z
mail;openedApp;2023-06-19T21:07:23Z
signal;openedApp;2023-06-19T21:14:23Z
spotify;dismissedAppOpening;2023-06-19T21:15:26Z
spotify;dismissedAppOpening;2023-06-19T21:15:28Z
spotify;dismissedAppOpening;2023-06-19T21:15:30Z
safari;openedApp;2023-06-20T08:28:48Z
imessage;openedApp;2023-06-20T09:35:52Z
spotify;openedApp;2023-06-20T09:36:11Z
whastapp;openedApp;2023-06-20T11:06:27Z
spotify;dismissedAppOpening;2023-06-20T11:20:37Z
spotify;dismissedAppOpening;2023-06-20T12:40:18Z
spotify;openedApp;2023-06-20T13:13:34Z
imessage;openedApp;2023-06-20T14:38:15Z
mail;openedApp;2023-06-20T14:41:00Z
imessage;openedApp;2023-06-20T14:43:26Z
imessage;openedApp;2023-06-20T15:01:32Z
spotify;openedApp;2023-06-20T15:11:35Z
imessage;openedApp;2023-06-20T15:20:52Z
imessage;openedApp;2023-06-20T15:22:35Z
safari;openedApp;2023-06-20T15:32:49Z
safari;dismissedAppOpening;2023-06-20T15:35:40Z
imessage;openedApp;2023-06-20T15:44:32Z
spotify;openedApp;2023-06-20T15:45:50Z
spotify;dismissedAppOpening;2023-06-20T15:53:41Z
safari;dismissedAppOpening;2023-06-20T16:59:54Z
imessage;openedApp;2023-06-20T17:08:13Z
spotify;dismissedAppOpening;2023-06-20T17:09:33Z
imessage;dismissedAppOpening;2023-06-20T17:11:19Z
imessage;openedApp;2023-06-20T17:14:18Z
imessage;openedApp;2023-06-20T17:24:07Z
safari;openedApp;2023-06-20T17:39:12Z
mail;openedApp;2023-06-20T17:39:26Z
signal;openedApp;2023-06-20T21:14:29Z
whastapp;openedApp;2023-06-20T21:15:26Z
signal;openedApp;2023-06-20T21:28:48Z
spotify;dismissedAppOpening;2023-06-20T21:30:43Z
spotify;openedApp;2023-06-20T21:30:57Z
signal;openedApp;2023-06-20T21:36:49Z
signal;openedApp;2023-06-20T21:38:56Z
signal;openedApp;2023-06-20T21:41:41Z
spotify;openedApp;2023-06-21T04:58:40Z
mail;openedApp;2023-06-21T08:32:39Z
mail;openedApp;2023-06-21T08:33:18Z
imessage;openedApp;2023-06-21T08:33:27Z
imessage;openedApp;2023-06-21T08:34:47Z
mail;openedApp;2023-06-21T11:07:31Z
signal;openedApp;2023-06-21T13:35:50Z
spotify;dismissedAppOpening;2023-06-21T13:37:52Z
spotify;dismissedAppOpening;2023-06-21T16:52:47Z
imessage;openedApp;2023-06-21T19:16:53Z
mail;openedApp;2023-06-21T19:44:57Z
spotify;dismissedAppOpening;2023-06-22T04:45:01Z
spotify;dismissedAppOpening;2023-06-22T04:45:16Z
whastapp;openedApp;2023-06-22T06:26:35Z
signal;openedApp;2023-06-22T06:30:29Z
signal;openedApp;2023-06-22T06:30:59Z
signal;dismissedAppOpening;2023-06-22T06:32:04Z
whastapp;openedApp;2023-06-22T06:49:58Z
mail;openedApp;2023-06-22T08:41:27Z
whastapp;openedApp;2023-06-22T09:15:54Z
imessage;openedApp;2023-06-22T13:18:39Z
imessage;openedApp;2023-06-22T14:48:19Z
spotify;dismissedAppOpening;2023-06-22T14:54:26Z
spotify;dismissedAppOpening;2023-06-22T14:54:33Z
imessage;openedApp;2023-06-22T15:57:18Z
whastapp;openedApp;2023-06-22T16:19:33Z
spotify;openedApp;2023-06-22T19:56:45Z
mail;dismissedAppOpening;2023-06-22T20:03:14Z
mail;dismissedAppOpening;2023-06-22T20:03:19Z
signal;openedApp;2023-06-22T20:32:13Z
spotify;openedApp;2023-06-23T03:59:13Z
spotify;dismissedAppOpening;2023-06-23T04:10:10Z
safari;dismissedAppOpening;2023-06-23T05:49:28Z
whastapp;openedApp;2023-06-23T08:06:48Z
whastapp;openedApp;2023-06-23T08:32:15Z
safari;dismissedAppOpening;2023-06-23T08:32:59Z
whastapp;openedApp;2023-06-23T08:33:16Z
whastapp;dismissedAppOpening;2023-06-23T08:34:02Z
whastapp;dismissedAppOpening;2023-06-23T08:34:04Z
whastapp;openedApp;2023-06-23T08:34:26Z
whastapp;openedApp;2023-06-23T09:44:16Z
mail;openedApp;2023-06-23T10:18:27Z
whastapp;openedApp;2023-06-23T10:26:41Z
signal;openedApp;2023-06-23T15:40:44Z
signal;openedApp;2023-06-23T15:42:14Z
whastapp;openedApp;2023-06-23T15:44:43Z
spotify;dismissedAppOpening;2023-06-23T15:44:57Z
spotify;dismissedAppOpening;2023-06-23T16:14:37Z
spotify;openedApp;2023-06-23T16:14:43Z
spotify;openedApp;2023-06-23T16:37:14Z
spotify;dismissedAppOpening;2023-06-23T16:38:49Z
spotify;dismissedAppOpening;2023-06-23T17:21:36Z
whastapp;openedApp;2023-06-23T20:05:39Z
whastapp;dismissedAppOpening;2023-06-23T20:13:25Z
spotify;dismissedAppOpening;2023-06-24T09:43:40Z
spotify;dismissedAppOpening;2023-06-24T09:43:42Z
mail;openedApp;2023-06-24T10:39:18Z
spotify;dismissedAppOpening;2023-06-24T10:39:31Z
signal;openedApp;2023-06-24T13:49:57Z
mail;openedApp;2023-06-24T15:39:38Z
signal;openedApp;2023-06-24T15:43:21Z
safari;openedApp;2023-06-24T15:44:10Z
imessage;openedApp;2023-06-24T16:38:49Z
mail;openedApp;2023-06-24T17:24:24Z
mail;dismissedAppOpening;2023-06-24T17:24:51Z
mail;dismissedAppOpening;2023-06-24T17:24:54Z
safari;dismissedAppOpening;2023-06-24T17:25:03Z
spotify;dismissedAppOpening;2023-06-24T19:46:21Z
spotify;openedApp;2023-06-24T19:56:40Z
whastapp;openedApp;2023-06-25T08:01:54Z
whastapp;openedApp;2023-06-25T08:05:23Z
safari;openedApp;2023-06-25T08:06:05Z
safari;dismissedAppOpening;2023-06-25T11:11:38Z
safari;openedApp;2023-06-25T11:11:57Z
mail;openedApp;2023-06-25T13:43:30Z
whastapp;openedApp;2023-06-25T15:14:11Z
imessage;dismissedAppOpening;2023-06-25T17:14:32Z
imessage;dismissedAppOpening;2023-06-25T17:14:34Z
whastapp;openedApp;2023-06-25T19:46:14Z
signal;openedApp;2023-06-25T21:24:34Z
mail;openedApp;2023-06-25T21:25:08Z
spotify;openedApp;2023-06-26T05:19:34Z
mail;dismissedAppOpening;2023-06-26T05:41:05Z
mail;openedApp;2023-06-26T06:25:07Z
imessage;openedApp;2023-06-26T07:04:39Z
imessage;openedApp;2023-06-26T07:06:14Z
imessage;openedApp;2023-06-26T07:07:19Z
mail;openedApp;2023-06-26T07:07:49Z
imessage;dismissedAppOpening;2023-06-26T07:09:21Z
imessage;openedApp;2023-06-26T07:09:30Z
mail;openedApp;2023-06-26T07:53:09Z
mail;openedApp;2023-06-26T08:17:23Z
mail;openedApp;2023-06-26T08:50:20Z
imessage;dismissedAppOpening;2023-06-26T08:50:47Z
mail;openedApp;2023-06-26T09:09:27Z
mail;openedApp;2023-06-26T10:50:20Z
mail;dismissedAppOpening;2023-06-26T12:01:26Z
mail;openedApp;2023-06-26T12:55:53Z
mail;openedApp;2023-06-26T13:21:40Z
mail;dismissedAppOpening;2023-06-26T13:44:11Z
mail;openedApp;2023-06-26T13:44:20Z
imessage;dismissedAppOpening;2023-06-26T13:48:15Z
mail;openedApp;2023-06-26T14:01:03Z
imessage;openedApp;2023-06-26T15:11:14Z
imessage;dismissedAppOpening;2023-06-26T15:12:23Z
mail;dismissedAppOpening;2023-06-26T15:21:37Z
spotify;dismissedAppOpening;2023-06-26T15:24:47Z
imessage;openedApp;2023-06-26T16:36:57Z
mail;openedApp;2023-06-26T16:40:15Z
mail;openedApp;2023-06-26T16:47:58Z
spotify;dismissedAppOpening;2023-06-26T19:34:13Z
spotify;dismissedAppOpening;2023-06-26T19:34:17Z
imessage;openedApp;2023-06-26T20:15:06Z
spotify;dismissedAppOpening;2023-06-26T20:37:24Z
mail;openedApp;2023-06-27T04:36:37Z
spotify;openedApp;2023-06-27T04:37:12Z
mail;dismissedAppOpening;2023-06-27T06:55:32Z
mail;openedApp;2023-06-27T10:09:18Z
signal;openedApp;2023-06-27T10:16:38Z
mail;openedApp;2023-06-27T14:50:48Z
signal;openedApp;2023-06-27T14:51:37Z
imessage;dismissedAppOpening;2023-06-27T16:50:49Z
mail;openedApp;2023-06-27T19:48:28Z
signal;dismissedAppOpening;2023-06-27T19:48:40Z
signal;openedApp;2023-06-27T19:48:49Z
imessage;openedApp;2023-06-27T20:02:38Z
spotify;dismissedAppOpening;2023-06-28T04:35:02Z
spotify;dismissedAppOpening;2023-06-28T04:35:24Z
mail;dismissedAppOpening;2023-06-28T04:59:54Z
imessage;openedApp;2023-06-28T06:20:36Z
imessage;openedApp;2023-06-28T06:23:09Z
mail;openedApp;2023-06-28T06:38:09Z
mail;dismissedAppOpening;2023-06-28T07:30:57Z
imessage;openedApp;2023-06-28T07:31:07Z
imessage;openedApp;2023-06-28T07:31:25Z
safari;openedApp;2023-06-28T07:31:36Z
imessage;openedApp;2023-06-28T07:32:07Z
imessage;openedApp;2023-06-28T09:22:23Z
imessage;openedApp;2023-06-28T09:23:45Z
whastapp;openedApp;2023-06-28T09:57:26Z
whastapp;openedApp;2023-06-28T10:46:49Z
imessage;openedApp;2023-06-28T10:47:00Z
imessage;openedApp;2023-06-28T11:57:06Z
imessage;openedApp;2023-06-28T11:57:24Z
imessage;openedApp;2023-06-28T12:19:34Z
imessage;openedApp;2023-06-28T13:22:29Z
mail;openedApp;2023-06-28T13:22:56Z
mail;dismissedAppOpening;2023-06-28T13:31:36Z
mail;openedApp;2023-06-28T13:54:42Z
mail;openedApp;2023-06-28T15:51:22Z
spotify;openedApp;2023-06-28T16:10:48Z
whastapp;openedApp;2023-06-28T16:23:16Z
safari;openedApp;2023-06-28T20:29:54Z
mail;dismissedAppOpening;2023-06-29T04:16:47Z
spotify;dismissedAppOpening;2023-06-29T04:16:51Z
spotify;openedApp;2023-06-29T04:17:01Z
imessage;openedApp;2023-06-29T04:47:24Z
spotify;openedApp;2023-06-29T05:48:05Z
spotify;openedApp;2023-06-29T05:58:07Z
imessage;openedApp;2023-06-29T06:15:32Z
whastapp;openedApp;2023-06-29T09:33:26Z
imessage;openedApp;2023-06-29T09:38:39Z
safari;openedApp;2023-06-29T09:56:41Z
imessage;openedApp;2023-06-29T13:19:16Z
imessage;openedApp;2023-06-29T14:58:44Z
imessage;dismissedAppOpening;2023-06-29T15:00:12Z
imessage;openedApp;2023-06-29T15:52:41Z
imessage;openedApp;2023-06-29T15:52:57Z
imessage;openedApp;2023-06-29T16:04:31Z
spotify;dismissedAppOpening;2023-06-29T17:02:09Z
imessage;openedApp;2023-06-29T17:32:33Z
imessage;dismissedAppOpening;2023-06-29T17:33:14Z
imessage;dismissedAppOpening;2023-06-29T17:33:16Z
imessage;openedApp;2023-06-29T17:38:36Z
imessage;dismissedAppOpening;2023-06-29T17:42:48Z
spotify;openedApp;2023-06-29T20:22:07Z
mail;dismissedAppOpening;2023-06-30T10:43:13Z
mail;openedApp;2023-06-30T10:43:51Z
imessage;openedApp;2023-06-30T10:45:29Z
imessage;dismissedAppOpening;2023-06-30T10:51:13Z
mail;openedApp;2023-06-30T10:51:22Z
signal;openedApp;2023-06-30T10:53:03Z
imessage;openedApp;2023-06-30T10:56:28Z
imessage;openedApp;2023-06-30T11:14:19Z
signal;openedApp;2023-06-30T13:16:23Z
whastapp;openedApp;2023-06-30T14:29:20Z
mail;openedApp;2023-06-30T15:09:33Z
spotify;dismissedAppOpening;2023-06-30T15:28:47Z
spotify;openedApp;2023-06-30T15:35:32Z
imessage;dismissedAppOpening;2023-06-30T16:13:21Z
whastapp;openedApp;2023-06-30T17:41:37Z
whastapp;openedApp;2023-06-30T20:56:16Z
safari;dismissedAppOpening;2023-06-30T22:22:35Z
spotify;openedApp;2023-06-30T22:22:46Z
mail;openedApp;2023-07-01T05:46:09Z
mail;dismissedAppOpening;2023-07-01T05:50:24Z
mail;openedApp;2023-07-01T05:50:33Z
spotify;dismissedAppOpening;2023-07-01T05:56:10Z
safari;dismissedAppOpening;2023-07-01T08:40:04Z
safari;openedApp;2023-07-01T08:40:14Z
signal;openedApp;2023-07-01T10:13:07Z
imessage;openedApp;2023-07-01T10:47:40Z
imessage;openedApp;2023-07-01T15:16:57Z
whastapp;openedApp;2023-07-01T18:33:33Z
whastapp;dismissedAppOpening;2023-07-01T18:35:08Z
mail;openedApp;2023-07-01T19:59:40Z
safari;openedApp;2023-07-01T20:00:10Z
safari;openedApp;2023-07-01T20:07:40Z
safari;openedApp;2023-07-01T20:08:25Z
safari;openedApp;2023-07-01T22:25:44Z
mail;dismissedAppOpening;2023-07-02T08:14:45Z
mail;openedApp;2023-07-02T11:53:57Z
mail;dismissedAppOpening;2023-07-02T14:08:46Z
spotify;openedApp;2023-07-02T15:17:20Z
safari;dismissedAppOpening;2023-07-02T20:07:51Z
safari;openedApp;2023-07-02T20:08:15Z
signal;openedApp;2023-07-02T21:13:08Z
mail;openedApp;2023-07-03T00:38:44Z
mail;openedApp;2023-07-03T00:40:14Z
mail;openedApp;2023-07-03T04:35:55Z
safari;openedApp;2023-07-03T04:36:29Z
mail;openedApp;2023-07-03T05:44:13Z
signal;dismissedAppOpening;2023-07-03T05:57:46Z
mail;openedApp;2023-07-03T05:57:55Z
mail;openedApp;2023-07-03T06:01:36Z
safari;openedApp;2023-07-03T06:02:47Z
mail;dismissedAppOpening;2023-07-03T06:56:02Z
mail;dismissedAppOpening;2023-07-03T06:56:06Z
mail;openedApp;2023-07-03T06:56:23Z
mail;openedApp;2023-07-03T07:19:39Z
safari;openedApp;2023-07-03T07:20:27Z
mail;openedApp;2023-07-03T07:30:42Z
mail;openedApp;2023-07-03T07:47:47Z
mail;openedApp;2023-07-03T08:57:30Z
mail;openedApp;2023-07-03T11:25:17Z
mail;openedApp;2023-07-03T12:32:47Z
safari;openedApp;2023-07-03T15:07:40Z
youtube;openedApp;2023-07-03T15:31:28Z
safari;openedApp;2023-07-03T15:35:17Z
safari;openedApp;2023-07-03T15:37:02Z
youtube;openedApp;2023-07-03T15:37:35Z
mail;openedApp;2023-07-03T15:55:49Z
signal;openedApp;2023-07-03T16:01:11Z
signal;openedApp;2023-07-03T17:26:17Z
mail;openedApp;2023-07-03T17:27:22Z
signal;dismissedAppOpening;2023-07-03T17:37:52Z
mail;openedApp;2023-07-03T18:14:23Z
signal;openedApp;2023-07-04T04:49:23Z
mail;openedApp;2023-07-04T04:54:57Z
safari;openedApp;2023-07-04T05:16:04Z
safari;openedApp;2023-07-04T05:18:02Z
safari;openedApp;2023-07-04T08:55:16Z
safari;openedApp;2023-07-04T10:28:43Z
signal;openedApp;2023-07-04T13:15:53Z
mail;openedApp;2023-07-04T13:40:38Z
safari;openedApp;2023-07-04T13:41:01Z
signal;openedApp;2023-07-04T15:06:44Z
signal;openedApp;2023-07-04T15:10:01Z
mail;dismissedAppOpening;2023-07-04T16:19:50Z
mail;openedApp;2023-07-04T16:20:02Z
safari;openedApp;2023-07-04T16:45:50Z
safari;dismissedAppOpening;2023-07-04T17:00:29Z
signal;openedApp;2023-07-04T17:07:19Z
signal;openedApp;2023-07-04T17:19:21Z
signal;openedApp;2023-07-04T17:59:42Z
mail;openedApp;2023-07-04T18:56:10Z
safari;dismissedAppOpening;2023-07-04T18:56:47Z
safari;openedApp;2023-07-04T18:56:53Z
mail;openedApp;2023-07-04T19:00:10Z
mail;dismissedAppOpening;2023-07-04T19:03:11Z
signal;dismissedAppOpening;2023-07-04T19:12:09Z
safari;dismissedAppOpening;2023-07-04T19:12:13Z
safari;openedApp;2023-07-04T19:12:21Z
signal;dismissedAppOpening;2023-07-04T19:30:51Z
signal;openedApp;2023-07-04T19:47:37Z
safari;openedApp;2023-07-04T20:57:29Z
signal;dismissedAppOpening;2023-07-04T21:35:24Z
signal;openedApp;2023-07-04T21:42:29Z
signal;openedApp;2023-07-04T21:57:00Z
safari;openedApp;2023-07-05T06:14:04Z
signal;openedApp;2023-07-05T06:34:00Z
signal;openedApp;2023-07-05T07:52:07Z
signal;openedApp;2023-07-05T07:53:24Z
signal;dismissedAppOpening;2023-07-05T09:04:46Z
mail;openedApp;2023-07-05T09:04:57Z
mail;dismissedAppOpening;2023-07-05T09:09:41Z
mail;openedApp;2023-07-05T09:11:05Z
signal;openedApp;2023-07-05T09:20:13Z
safari;dismissedAppOpening;2023-07-05T09:52:16Z
signal;dismissedAppOpening;2023-07-05T10:25:18Z
signal;dismissedAppOpening;2023-07-05T10:25:22Z
signal;dismissedAppOpening;2023-07-05T11:15:32Z
mail;openedApp;2023-07-05T12:20:25Z
signal;openedApp;2023-07-05T12:45:10Z
safari;dismissedAppOpening;2023-07-05T13:09:29Z
mail;dismissedAppOpening;2023-07-05T15:49:42Z
safari;dismissedAppOpening;2023-07-05T15:52:24Z
safari;dismissedAppOpening;2023-07-05T16:31:37Z
safari;openedApp;2023-07-05T16:35:51Z
signal;openedApp;2023-07-05T19:25:21Z
signal;openedApp;2023-07-05T21:20:07Z
signal;openedApp;2023-07-06T06:32:17Z
signal;dismissedAppOpening;2023-07-06T06:34:38Z
mail;dismissedAppOpening;2023-07-06T06:46:13Z
safari;openedApp;2023-07-06T06:51:20Z
mail;openedApp;2023-07-06T09:42:24Z
safari;openedApp;2023-07-06T13:23:48Z
mail;openedApp;2023-07-06T13:24:09Z
signal;openedApp;2023-07-06T13:30:32Z
signal;openedApp;2023-07-07T04:44:24Z
mail;openedApp;2023-07-07T04:45:17Z
safari;dismissedAppOpening;2023-07-07T06:11:47Z
signal;dismissedAppOpening;2023-07-07T09:37:44Z
safari;dismissedAppOpening;2023-07-07T13:19:04Z
signal;openedApp;2023-07-07T14:44:28Z
signal;openedApp;2023-07-07T14:57:53Z
safari;openedApp;2023-07-07T15:00:27Z
signal;openedApp;2023-07-07T15:06:10Z
safari;dismissedAppOpening;2023-07-07T15:43:43Z
safari;openedApp;2023-07-07T15:50:48Z
mail;openedApp;2023-07-07T17:14:15Z
signal;openedApp;2023-07-07T17:24:54Z
mail;openedApp;2023-07-07T17:25:38Z
mail;openedApp;2023-07-07T18:00:16Z
mail;openedApp;2023-07-07T19:05:03Z
mail;openedApp;2023-07-07T21:22:55Z
signal;dismissedAppOpening;2023-07-07T21:23:10Z
mail;openedApp;2023-07-08T05:41:03Z
mydealz;openedApp;2023-07-08T05:46:28Z
signal;openedApp;2023-07-08T06:44:20Z
safari;dismissedAppOpening;2023-07-08T07:18:58Z
safari;dismissedAppOpening;2023-07-08T07:19:00Z
safari;dismissedAppOpening;2023-07-08T07:33:32Z
signal;dismissedAppOpening;2023-07-08T08:00:19Z
signal;openedApp;2023-07-08T08:00:24Z
safari;dismissedAppOpening;2023-07-08T08:58:39Z
safari;openedApp;2023-07-08T08:58:49Z
mail;dismissedAppOpening;2023-07-08T13:55:06Z
mail;openedApp;2023-07-08T19:59:03Z
mail;openedApp;2023-07-09T12:16:17Z
mail;openedApp;2023-07-10T05:21:44Z
mail;openedApp;2023-07-10T08:25:20Z
mail;openedApp;2023-07-10T11:06:36Z
mail;dismissedAppOpening;2023-07-10T11:10:32Z
mail;dismissedAppOpening;2023-07-10T11:10:37Z
mail;openedApp;2023-07-10T11:10:45Z
mail;openedApp;2023-07-10T11:12:09Z
mail;dismissedAppOpening;2023-07-10T13:10:52Z
mail;openedApp;2023-07-10T13:39:53Z
mail;dismissedAppOpening;2023-07-10T21:02:34Z
mail;openedApp;2023-07-10T21:03:04Z
mail;dismissedAppOpening;2023-07-11T04:32:18Z
mail;openedApp;2023-07-11T14:27:36Z
mail;openedApp;2023-07-11T18:39:50Z
mail;openedApp;2023-07-11T19:59:44Z
mail;dismissedAppOpening;2023-07-11T20:05:17Z
mail;openedApp;2023-07-12T06:27:59Z
mail;dismissedAppOpening;2023-07-12T14:14:14Z
mail;openedApp;2023-07-12T15:55:47Z
mail;openedApp;2023-07-12T21:24:28Z
mail;dismissedAppOpening;2023-07-12T21:26:00Z
mail;dismissedAppOpening;2023-07-12T22:23:52Z
mail;dismissedAppOpening;2023-07-12T22:24:44Z
mail;openedApp;2023-07-12T22:24:56Z
mail;openedApp;2023-07-12T23:17:30Z
mail;openedApp;2023-07-13T05:37:05Z
mail;openedApp;2023-07-13T05:44:55Z
mail;openedApp;2023-07-13T15:57:41Z
mail;openedApp;2023-07-13T16:01:17Z
mail;openedApp;2023-07-14T03:46:52Z
mail;openedApp;2023-07-14T04:59:12Z
mail;openedApp;2023-07-14T05:14:42Z
mail;openedApp;2023-07-14T05:50:19Z
mail;dismissedAppOpening;2023-07-14T07:00:21Z
mail;dismissedAppOpening;2023-07-14T09:03:27Z
mail;dismissedAppOpening;2023-07-14T09:03:30Z
mail;openedApp;2023-07-15T08:11:26Z
mail;openedApp;2023-07-15T08:29:21Z
mail;dismissedAppOpening;2023-07-15T08:37:53Z
mail;dismissedAppOpening;2023-07-15T08:37:56Z
mail;dismissedAppOpening;2023-07-15T08:38:03Z
mail;openedApp;2023-07-15T08:38:55Z
mail;openedApp;2023-07-15T23:42:33Z
mail;dismissedAppOpening;2023-07-16T07:17:52Z
mail;openedApp;2023-07-16T08:07:30Z
mail;openedApp;2023-07-16T10:57:20Z
mail;dismissedAppOpening;2023-07-16T11:10:31Z
mail;openedApp;2023-07-16T11:41:53Z
mail;dismissedAppOpening;2023-07-16T13:54:12Z
mail;openedApp;2023-07-16T16:29:30Z
mail;dismissedAppOpening;2023-07-16T17:50:26Z
mail;dismissedAppOpening;2023-07-16T21:32:44Z
mail;openedApp;2023-07-17T19:52:29Z
mail;dismissedAppOpening;2023-07-18T05:40:45Z
mail;openedApp;2023-07-18T05:40:52Z
mail;openedApp;2023-07-18T18:22:41Z
mail;openedApp;2023-07-18T20:21:38Z
mail;openedApp;2023-07-19T05:14:56Z
mail;openedApp;2023-07-19T05:57:15Z
mail;openedApp;2023-07-19T06:46:52Z
mail;openedApp;2023-07-19T07:26:21Z
mail;openedApp;2023-07-19T08:43:10Z
mail;dismissedAppOpening;2023-07-19T08:45:11Z
mail;openedApp;2023-07-19T08:45:26Z
mail;openedApp;2023-07-19T09:01:46Z
mail;dismissedAppOpening;2023-07-19T10:14:47Z
mail;openedApp;2023-07-19T11:17:26Z
mail;openedApp;2023-07-19T11:42:47Z
mail;dismissedAppOpening;2023-07-19T11:57:45Z
mail;openedApp;2023-07-19T13:29:06Z
mail;dismissedAppOpening;2023-07-19T13:43:35Z
mail;dismissedAppOpening;2023-07-19T13:43:45Z
mail;openedApp;2023-07-19T13:46:37Z
mail;openedApp;2023-07-19T16:44:49Z
mail;openedApp;2023-07-19T23:13:02Z
mail;dismissedAppOpening;2023-07-20T06:58:35Z
mail;dismissedAppOpening;2023-07-20T06:58:39Z
mail;openedApp;2023-07-20T14:02:34Z
mail;openedApp;2023-07-20T14:52:36Z
mail;openedApp;2023-07-20T17:44:33Z
mail;openedApp;2023-07-21T07:44:32Z
mail;openedApp;2023-07-21T09:31:22Z
mail;openedApp;2023-07-21T09:45:54Z
mail;openedApp;2023-07-21T10:47:02Z
mail;openedApp;2023-07-22T07:09:06Z
mail;openedApp;2023-07-22T15:55:54Z
mail;openedApp;2023-07-23T10:04:46Z
mail;openedApp;2023-07-23T10:31:57Z
mail;dismissedAppOpening;2023-07-23T19:52:13Z
mail;dismissedAppOpening;2023-07-23T21:06:58Z
mail;openedApp;2023-07-24T07:51:20Z
mail;openedApp;2023-07-24T21:14:59Z
mail;dismissedAppOpening;2023-07-25T05:03:44Z
mail;openedApp;2023-07-25T05:05:47Z
mail;openedApp;2023-07-25T12:29:57Z
mail;openedApp;2023-07-25T12:41:18Z
mail;openedApp;2023-07-25T13:12:28Z
mail;dismissedAppOpening;2023-07-25T13:40:21Z
mail;openedApp;2023-07-25T13:58:59Z
mail;openedApp;2023-07-25T19:50:39Z
mail;openedApp;2023-07-26T06:38:07Z
mail;dismissedAppOpening;2023-07-26T09:08:16Z
mail;openedApp;2023-07-26T09:08:27Z
mail;dismissedAppOpening;2023-07-26T09:11:34Z
mail;dismissedAppOpening;2023-07-26T09:11:35Z
mail;openedApp;2023-07-26T11:26:08Z
mail;dismissedAppOpening;2023-07-26T11:31:15Z
mail;dismissedAppOpening;2023-07-26T15:55:12Z
mail;openedApp;2023-07-26T15:55:24Z
mail;dismissedAppOpening;2023-07-26T18:21:14Z
mail;dismissedAppOpening;2023-07-26T18:37:51Z
mail;openedApp;2023-07-26T18:39:04Z
mail;openedApp;2023-07-27T06:13:30Z
mail;dismissedAppOpening;2023-07-27T07:19:20Z
mail;dismissedAppOpening;2023-07-27T07:19:23Z
mail;openedApp;2023-07-27T07:20:22Z
mail;openedApp;2023-07-27T07:51:18Z
mail;openedApp;2023-07-27T12:16:02Z
mail;openedApp;2023-07-27T18:33:43Z
mail;openedApp;2023-07-28T08:12:01Z
mail;dismissedAppOpening;2023-07-28T08:39:50Z
mail;openedApp;2023-07-28T15:43:00Z
mail;openedApp;2023-07-28T18:55:02Z
mail;openedApp;2023-07-28T22:11:14Z
mail;openedApp;2023-07-28T22:13:17Z
mail;openedApp;2023-07-29T05:29:25Z
mydealz;openedApp;2023-07-29T05:39:04Z
mail;openedApp;2023-07-29T11:18:34Z
mail;openedApp;2023-07-29T17:00:18Z
mail;openedApp;2023-07-29T17:45:59Z
mail;openedApp;2023-07-30T05:27:04Z
mail;openedApp;2023-07-30T08:22:27Z
mail;dismissedAppOpening;2023-07-30T14:18:20Z
mail;dismissedAppOpening;2023-07-30T14:52:56Z
mail;openedApp;2023-07-30T17:27:46Z
mail;openedApp;2023-07-30T21:39:41Z
mail;openedApp;2023-07-31T08:14:11Z
mail;dismissedAppOpening;2023-07-31T08:20:18Z
mail;openedApp;2023-07-31T09:42:47Z
mail;dismissedAppOpening;2023-07-31T09:50:47Z
mail;openedApp;2023-07-31T10:06:29Z
mail;openedApp;2023-07-31T11:19:30Z
mail;openedApp;2023-07-31T11:23:28Z
mail;dismissedAppOpening;2023-07-31T12:50:12Z
mail;openedApp;2023-07-31T12:50:18Z
mail;openedApp;2023-07-31T15:59:50Z
mail;openedApp;2023-07-31T18:47:59Z
mail;openedApp;2023-07-31T18:55:40Z
mail;openedApp;2023-07-31T18:57:00Z
mail;openedApp;2023-07-31T19:29:12Z
mail;dismissedAppOpening;2023-07-31T19:31:55Z
mail;dismissedAppOpening;2023-07-31T19:32:00Z
mail;dismissedAppOpening;2023-07-31T19:33:42Z
mail;openedApp;2023-07-31T19:33:59Z
mail;openedApp;2023-07-31T20:13:50Z
mail;openedApp;2023-07-31T20:49:56Z
mail;dismissedAppOpening;2023-07-31T21:06:15Z
mail;openedApp;2023-08-01T20:16:21Z
mail;openedApp;2023-08-01T20:48:50Z
mail;openedApp;2023-08-01T20:57:07Z
mail;dismissedAppOpening;2023-08-02T04:55:07Z
mail;openedApp;2023-08-02T04:55:16Z
mail;openedApp;2023-08-02T07:27:49Z
mail;openedApp;2023-08-02T08:30:29Z
mail;openedApp;2023-08-02T09:10:19Z
mail;openedApp;2023-08-02T11:51:36Z
mail;openedApp;2023-08-03T04:35:16Z
mail;openedApp;2023-08-03T06:38:42Z
mail;openedApp;2023-08-03T07:12:07Z
mail;openedApp;2023-08-03T09:04:41Z
mail;dismissedAppOpening;2023-08-03T10:04:43Z
mail;dismissedAppOpening;2023-08-03T21:39:07Z
mail;openedApp;2023-08-03T21:39:18Z
mail;dismissedAppOpening;2023-08-04T10:51:25Z